user_id,age,city,subscription_type
1,20,Ереван,free
2,37,Ереван,free
3,33,Гюмри,free
4,22,Гюмри,free
5,30,Тбилиси,ultra
6,33,Батуми,free
7,35,Кутаиси,free
8,35,Ванадзор,ultra
9,26,Батуми,free
10,26,Ванадзор,ultra
11,29,Тбилиси,free
12,27,Рустави,ultra
13,31,Кутаиси,ultra
14,25,Кутаиси,ultra
15,32,Батуми,free
16,38,Ереван,free
17,21,Ванадзор,free
18,29,Тбилиси,ultra
19,28,Ереван,ultra
20,13,Тбилиси,ultra
21,39,Тбилиси,ultra
22,25,Кутаиси,free
23,18,Батуми,ultra
24,26,Ереван,ultra
25,24,Тбилиси,ultra
26,25,Тбилиси,free
27,15,Тбилиси,free
28,22,Кутаиси,free
29,22,Батуми,free
30,32,Батуми,free
31,33,Батуми,free
32,34,Ереван,free
33,12,Поти,free
34,19,Гюмри,free
35,20,Батуми,free
36,21,Батуми,ultra
37,12,Рустави,free
38,20,Батуми,free
39,52,Ереван,ultra
40,23,Гюмри,free
41,23,Ванадзор,free
42,28,Тбилиси,ultra
43,31,Ереван,ultra
44,25,Батуми,free
45,38,Ереван,free
46,36,Тбилиси,free
47,23,Ванадзор,free
48,34,Кутаиси,free
49,19,Батуми,ultra
50,18,Тбилиси,free
51,28,Поти,free
52,28,Тбилиси,free
53,35,Гюмри,free
54,14,Кутаиси,ultra
55,29,Батуми,free
56,15,Кутаиси,free
57,30,Тбилиси,free
58,17,Тбилиси,ultra
59,27,Ереван,free
60,27,Кутаиси,free
61,34,Батуми,ultra
62,34,Поти,free
63,12,Рустави,free
64,17,Поти,free
65,35,Тбилиси,ultra
66,12,Тбилиси,free
67,29,Батуми,free
68,26,Кутаиси,ultra
69,24,Тбилиси,ultra
70,22,Рустави,free
71,13,Батуми,free
72,37,Кутаиси,ultra
73,44,Поти,free
74,33,Кутаиси,ultra
75,20,Батуми,ultra
76,25,Тбилиси,ultra
77,40,Тбилиси,free
78,34,Гюмри,free
79,42,Поти,free
80,,Ванадзор,ultra
81,25,Ванадзор,free
82,34,Ванадзор,ultra
83,29,Тбилиси,free
84,32,Батуми,free
85,15,Батуми,free
86,33,Тбилиси,free
87,33,Ереван,free
88,26,Тбилиси,free
89,21,Ереван,free
90,22,Батуми,ultra
91,37,Ереван,ultra
92,21,Тбилиси,free
93,28,Тбилиси,ultra
94,46,Ереван,free
95,43,Ереван,free
96,13,Тбилиси,ultra
97,32,Кутаиси,ultra
98,35,Кутаиси,ultra
99,22,Поти,free
100,18,Тбилиси,free
101,35,Поти,free
102,24,Батуми,ultra
103,30,Батуми,ultra
104,14,Батуми,free
105,34,Тбилиси,free
106,37,Кутаиси,ultra
107,33,Батуми,free
108,30,Рустави,free
109,27,Тбилиси,ultra
110,25,Ереван,ultra
111,40,Кутаиси,free
112,28,Поти,free
113,,Гюмри,ultra
114,25,Гюмри,free
115,29,Ереван,ultra
116,17,Ванадзор,free
117,43,Ванадзор,free
118,31,Батуми,ultra
119,31,Ереван,free
120,14,Тбилиси,ultra
121,29,Батуми,ultra
122,23,Ванадзор,free
123,19,Поти,free
124,32,Гюмри,ultra
125,49,Ереван,free
126,31,Тбилиси,free
127,12,Тбилиси,free
128,29,Тбилиси,free
129,28,Тбилиси,free
130,21,Рустави,free
131,19,Батуми,ultra
132,15,Тбилиси,free
133,31,Батуми,ultra
134,27,Поти,free
135,15,Рустави,free
136,26,Батуми,free
137,20,Поти,free
138,,Поти,ultra
139,26,Тбилиси,free
140,,Ереван,free
141,34,Кутаиси,free
142,24,Батуми,free
143,36,Батуми,free
144,32,Рустави,free
145,31,Ереван,ultra
146,27,Рустави,ultra
147,27,Батуми,free
148,33,Ванадзор,free
149,34,Поти,free
150,32,Ванадзор,free
151,18,Тбилиси,ultra
152,32,Гюмри,free
153,19,Батуми,ultra
154,38,Ереван,free
155,15,Тбилиси,free
156,22,Гюмри,free
157,22,Ванадзор,free
158,33,Батуми,ultra
159,31,Кутаиси,free
160,39,Тбилиси,ultra
161,19,Кутаиси,free
162,16,Рустави,free
163,28,Тбилиси,free
164,42,Ванадзор,free
165,28,Ереван,ultra
166,29,Батуми,free
167,,Кутаиси,ultra
168,29,Гюмри,free
169,21,Ереван,free
170,24,Кутаиси,free
171,13,Ереван,free
172,12,Ванадзор,ultra
173,18,Ванадзор,free
174,26,Кутаиси,free
175,,Кутаиси,ultra
176,31,Батуми,free
177,32,Батуми,ultra
178,25,Ереван,ultra
179,13,Поти,ultra
180,34,Ереван,free
181,26,Ереван,free
182,30,Рустави,ultra
183,25,Батуми,free
184,20,Ереван,ultra
185,21,Рустави,ultra
186,20,Тбилиси,ultra
187,21,Ереван,free
188,21,Батуми,ultra
189,24,Кутаиси,free
190,19,Ереван,ultra
191,45,Гюмри,free
192,12,Рустави,free
193,33,Поти,free
194,26,Ванадзор,ultra
195,19,Батуми,ultra
196,38,Тбилиси,free
197,14,Гюмри,free
198,25,Батуми,ultra
199,27,Тбилиси,ultra
200,27,Ереван,ultra
201,14,Ванадзор,ultra
202,22,Тбилиси,ultra
203,32,Батуми,ultra
204,21,Рустави,free
205,19,Тбилиси,ultra
206,19,Тбилиси,free
207,25,Рустави,free
208,29,Гюмри,free
209,32,Рустави,free
210,35,Ванадзор,free
211,26,Ереван,ultra
212,21,Батуми,free
213,25,Ереван,free
214,18,Рустави,ultra
215,30,Тбилиси,ultra
216,22,Поти,ultra
217,21,Рустави,free
218,38,Ванадзор,ultra
219,20,Поти,free
220,,Тбилиси,free
221,22,Батуми,ultra
222,32,Ванадзор,free
223,12,Ереван,free
224,41,Тбилиси,free
225,23,Поти,free
226,29,Ереван,ultra
227,34,Рустави,ultra
228,19,Ванадзор,free
229,27,Батуми,ultra
230,17,Ванадзор,free
231,29,Поти,ultra
232,28,Ереван,ultra
233,36,Тбилиси,ultra
234,30,Батуми,ultra
235,,Тбилиси,free
236,31,Гюмри,ultra
237,27,Поти,ultra
238,20,Ереван,ultra
239,17,Тбилиси,ultra
240,29,Ереван,free
241,23,Ереван,ultra
242,37,Гюмри,ultra
243,32,Тбилиси,free
244,25,Тбилиси,ultra
245,34,Кутаиси,ultra
246,22,Батуми,ultra
247,23,Тбилиси,free
248,44,Поти,free
249,,Батуми,free
250,28,Ереван,free
251,30,Поти,free
252,29,Ереван,ultra
253,39,Тбилиси,free
254,32,Тбилиси,free
255,30,Ереван,free
256,25,Ванадзор,ultra
257,23,Батуми,free
258,16,Тбилиси,free
259,32,Батуми,free
260,,Батуми,free
261,28,Ереван,free
262,34,Батуми,ultra
263,30,Кутаиси,ultra
264,38,Кутаиси,ultra
265,17,Ванадзор,free
266,32,Поти,free
267,12,Тбилиси,free
268,18,Ереван,free
269,24,Рустави,free
270,25,Тбилиси,free
271,21,Батуми,free
272,27,Батуми,ultra
273,25,Гюмри,free
274,22,Ереван,free
275,34,Кутаиси,free
276,,Ереван,ultra
277,28,Ванадзор,free
278,14,Ванадзор,ultra
279,22,Рустави,ultra
280,26,Ванадзор,ultra
281,27,Ереван,ultra
282,34,Поти,free
283,18,Рустави,ultra
284,42,Кутаиси,ultra
285,30,Ванадзор,free
286,14,Рустави,free
287,35,Поти,free
288,25,Батуми,ultra
289,37,Кутаиси,free
290,41,Ванадзор,ultra
291,30,Гюмри,ultra
292,22,Ванадзор,free
293,27,Тбилиси,free
294,21,Ереван,ultra
295,23,Ванадзор,free
296,18,Батуми,free
297,20,Батуми,ultra
298,12,Ереван,free
299,12,Тбилиси,ultra
300,25,Тбилиси,free
301,13,Поти,ultra
302,33,Ванадзор,ultra
303,21,Кутаиси,free
304,18,Ереван,free
305,,Тбилиси,free
306,21,Тбилиси,free
307,27,Ереван,free
308,39,Батуми,ultra
309,21,Тбилиси,ultra
310,19,Ванадзор,free
311,15,Тбилиси,free
312,31,Батуми,free
313,34,Поти,ultra
314,25,Поти,free
315,19,Гюмри,free
316,25,Ереван,free
317,21,Батуми,ultra
318,30,Ереван,free
319,38,Ванадзор,free
320,32,Тбилиси,free
321,19,Тбилиси,free
322,17,Тбилиси,ultra
323,36,Батуми,ultra
324,39,Поти,free
325,19,Тбилиси,free
326,30,Тбилиси,free
327,14,Батуми,free
328,26,Ереван,ultra
329,16,Поти,free
330,12,Ванадзор,free
331,33,Тбилиси,ultra
332,42,Кутаиси,ultra
333,25,Ванадзор,free
334,29,Ереван,free
335,31,Поти,free
336,17,Тбилиси,free
337,29,Кутаиси,free
338,27,Кутаиси,free
339,20,Ванадзор,free
340,14,Рустави,free
341,12,Рустави,free
342,,Батуми,free
343,33,Ванадзор,free
344,29,Ереван,ultra
345,22,Гюмри,ultra
346,22,Батуми,ultra
347,28,Ванадзор,free
348,21,Ванадзор,free
349,38,Поти,free
350,36,Тбилиси,free
351,32,Поти,free
352,31,Кутаиси,ultra
353,30,Ереван,free
354,,Ванадзор,ultra
355,28,Ванадзор,ultra
356,19,Батуми,free
357,32,Батуми,ultra
358,31,Гюмри,ultra
359,21,Тбилиси,free
360,32,Поти,free
361,,Ванадзор,free
362,22,Ереван,free
363,42,Тбилиси,free
364,35,Поти,free
365,21,Ереван,free
366,14,Гюмри,free
367,26,Тбилиси,free
368,35,Гюмри,free
369,39,Ванадзор,free
370,22,Батуми,free
371,39,Батуми,ultra
372,17,Ванадзор,ultra
373,29,Ереван,free
374,28,Кутаиси,ultra
375,36,Ванадзор,free
376,35,Кутаиси,free
377,27,Поти,free
378,24,Ереван,free
379,42,Ванадзор,ultra
380,38,Тбилиси,free
381,28,Гюмри,free
382,24,Ванадзор,free
383,28,Тбилиси,free
384,26,Кутаиси,ultra
385,25,Поти,free
386,20,Рустави,ultra
387,17,Батуми,ultra
388,48,Ванадзор,free
389,,Батуми,ultra
390,27,Гюмри,ultra
391,12,Тбилиси,ultra
392,26,Ереван,free
393,31,Кутаиси,free
394,23,Ереван,free
395,25,Ереван,free
396,20,Ереван,free
397,42,Ванадзор,free
398,35,Тбилиси,ultra
399,32,Поти,free
400,29,Тбилиси,free
401,21,Рустави,ultra
402,32,Рустави,free
403,27,Ереван,free
404,19,Батуми,free
405,37,Рустави,free
406,26,Ереван,free
407,21,Тбилиси,free
408,12,Ереван,free
409,34,Тбилиси,free
410,12,Гюмри,free
411,27,Батуми,ultra
412,38,Кутаиси,free
413,29,Ванадзор,free
414,22,Батуми,ultra
415,22,Ереван,free
416,34,Тбилиси,ultra
417,36,Тбилиси,free
418,40,Рустави,free
419,39,Рустави,free
420,30,Поти,free
421,20,Ереван,ultra
422,29,Рустави,ultra
423,28,Ереван,free
424,32,Рустави,ultra
425,34,Батуми,ultra
426,19,Кутаиси,free
427,31,Ванадзор,free
428,19,Тбилиси,free
429,28,Рустави,ultra
430,29,Рустави,ultra
431,46,Кутаиси,free
432,13,Ванадзор,ultra
433,21,Тбилиси,ultra
434,19,Ереван,ultra
435,31,Батуми,free
436,23,Батуми,ultra
437,15,Тбилиси,free
438,31,Рустави,free
439,26,Ванадзор,ultra
440,35,Кутаиси,free
441,34,Ереван,free
442,28,Поти,ultra
443,49,Рустави,free
444,29,Ереван,ultra
445,34,Поти,ultra
446,12,Гюмри,ultra
447,27,Батуми,ultra
448,26,Ереван,ultra
449,21,Рустави,ultra
450,34,Ванадзор,free
451,41,Поти,ultra
452,37,Тбилиси,free
453,28,Ереван,free
454,29,Батуми,free
455,15,Тбилиси,free
456,12,Батуми,ultra
457,24,Кутаиси,ultra
458,36,Ереван,free
459,17,Кутаиси,ultra
460,13,Батуми,free
461,22,Тбилиси,free
462,,Ереван,free
463,25,Батуми,free
464,25,Кутаиси,ultra
465,39,Ереван,ultra
466,32,Батуми,free
467,24,Ереван,free
468,36,Ереван,free
469,19,Ванадзор,ultra
470,43,Кутаиси,free
471,26,Ванадзор,free
472,26,Кутаиси,free
473,12,Батуми,free
474,26,Тбилиси,ultra
475,27,Тбилиси,free
476,23,Ереван,free
477,15,Ванадзор,free
478,27,Кутаиси,free
479,31,Поти,free
480,28,Поти,free
481,28,Тбилиси,ultra
482,29,Кутаиси,free
483,27,Тбилиси,free
484,34,Батуми,ultra
485,12,Поти,free
486,35,Тбилиси,free
487,23,Батуми,ultra
488,18,Ереван,free
489,34,Батуми,free
490,26,Батуми,free
491,22,Ереван,free
492,13,Ванадзор,free
493,21,Ереван,free
494,,Тбилиси,ultra
495,24,Кутаиси,free
496,20,Ванадзор,free
497,28,Гюмри,ultra
498,17,Тбилиси,free
499,43,Рустави,free
500,33,Тбилиси,ultra
501,17,Ванадзор,free
502,19,Ванадзор,free
503,34,Тбилиси,ultra
504,27,Ванадзор,ultra
505,38,Гюмри,ultra
506,,Поти,free
507,26,Рустави,free
508,,Тбилиси,ultra
509,18,Тбилиси,ultra
510,35,Тбилиси,free
511,27,Поти,free
512,28,Кутаиси,ultra
513,,Поти,ultra
514,28,Кутаиси,free
515,18,Гюмри,ultra
516,20,Гюмри,ultra
517,27,Тбилиси,free
518,30,Ереван,free
519,42,Батуми,ultra
520,19,Рустави,free
521,32,Тбилиси,free
522,,Ереван,ultra
523,25,Кутаиси,ultra
524,25,Батуми,ultra
525,44,Гюмри,free
526,15,Гюмри,free
527,36,Кутаиси,ultra
528,21,Рустави,free
529,27,Рустави,free
530,29,Поти,free
531,36,Ереван,ultra
532,32,Ванадзор,free
533,28,Рустави,ultra
534,32,Ереван,free
535,12,Ереван,ultra
536,20,Ереван,free
537,38,Тбилиси,free
538,16,Тбилиси,ultra
539,21,Поти,ultra
540,34,Рустави,free
541,32,Ванадзор,ultra
542,35,Ванадзор,free
543,34,Кутаиси,free
544,31,Батуми,free
545,12,Ванадзор,free
546,27,Тбилиси,ultra
547,36,Поти,ultra
548,37,Гюмри,free
549,36,Тбилиси,free
550,29,Ванадзор,free
551,32,Ереван,ultra
552,27,Ереван,free
553,22,Тбилиси,free
554,34,Гюмри,ultra
555,25,Поти,free
556,31,Тбилиси,ultra
557,15,Батуми,ultra
558,31,Ванадзор,ultra
559,18,Ереван,free
560,23,Гюмри,ultra
561,44,Кутаиси,free
562,14,Кутаиси,ultra
563,31,Ванадзор,free
564,27,Ереван,ultra
565,27,Батуми,free
566,34,Ереван,free
567,18,Ереван,free
568,27,Ереван,ultra
569,31,Тбилиси,ultra
570,,Рустави,ultra
571,25,Кутаиси,free
572,12,Ванадзор,ultra
573,27,Ереван,free
574,12,Гюмри,free
575,29,Батуми,free
576,23,Ванадзор,free
577,25,Ванадзор,ultra
578,29,Гюмри,free
579,21,Ванадзор,ultra
580,20,Ереван,ultra
581,30,Тбилиси,free
582,18,Ванадзор,ultra
583,27,Ереван,free
584,32,Ереван,ultra
585,25,Ванадзор,ultra
586,24,Рустави,free
587,27,Ванадзор,ultra
588,39,Рустави,free
589,27,Ванадзор,free
590,37,Ереван,free
591,23,Ереван,ultra
592,28,Ванадзор,free
593,34,Кутаиси,free
594,19,Тбилиси,ultra
595,20,Рустави,ultra
596,36,Рустави,free
597,19,Тбилиси,ultra
598,27,Батуми,free
599,25,Ереван,free
600,23,Гюмри,ultra
601,32,Ереван,ultra
602,26,Тбилиси,free
603,15,Кутаиси,free
604,,Поти,free
605,28,Ереван,free
606,32,Тбилиси,ultra
607,26,Тбилиси,ultra
608,21,Ванадзор,ultra
609,25,Ереван,ultra
610,33,Батуми,free
611,21,Ванадзор,free
612,12,Батуми,ultra
613,26,Ереван,free
614,14,Тбилиси,free
615,35,Поти,ultra
616,18,Гюмри,ultra
617,33,Тбилиси,ultra
618,27,Ереван,free
619,26,Гюмри,free
620,,Тбилиси,free
621,34,Тбилиси,free
622,39,Ванадзор,ultra
623,40,Поти,free
624,20,Ванадзор,ultra
625,30,Ереван,ultra
626,22,Кутаиси,ultra
627,34,Тбилиси,free
628,23,Поти,free
629,22,Кутаиси,free
630,27,Ванадзор,free
631,25,Гюмри,free
632,25,Рустави,free
633,28,Батуми,free
634,12,Ереван,free
635,27,Батуми,free
636,25,Рустави,free
637,35,Тбилиси,free
638,37,Тбилиси,free
639,26,Тбилиси,ultra
640,12,Тбилиси,ultra
641,,Кутаиси,free
642,40,Ванадзор,free
643,21,Гюмри,free
644,18,Тбилиси,ultra
645,28,Ванадзор,ultra
646,18,Ереван,free
647,22,Ереван,ultra
648,46,Кутаиси,free
649,29,Тбилиси,free
650,34,Батуми,free
651,20,Тбилиси,free
652,22,Поти,ultra
653,27,Кутаиси,ultra
654,41,Батуми,free
655,30,Батуми,free
656,40,Тбилиси,ultra
657,20,Ванадзор,free
658,35,Батуми,free
659,24,Кутаиси,free
660,26,Батуми,ultra
661,35,Тбилиси,free
662,29,Тбилиси,ultra
663,25,Ереван,free
664,27,Гюмри,free
665,37,Ереван,free
666,19,Кутаиси,free
667,29,Батуми,free
668,,Ванадзор,free
669,18,Гюмри,ultra
670,20,Тбилиси,free
671,,Тбилиси,ultra
672,26,Рустави,free
673,19,Батуми,free
674,27,Тбилиси,free
675,41,Ванадзор,ultra
676,31,Ереван,free
677,29,Поти,free
678,34,Ванадзор,free
679,36,Батуми,ultra
680,45,Батуми,ultra
681,26,Тбилиси,ultra
682,35,Тбилиси,ultra
683,29,Ереван,ultra
684,35,Ереван,ultra
685,26,Батуми,free
686,20,Поти,free
687,33,Батуми,ultra
688,28,Ванадзор,free
689,19,Кутаиси,free
690,20,Ванадзор,ultra
691,18,Тбилиси,ultra
692,18,Ванадзор,free
693,12,Ереван,ultra
694,17,Батуми,free
695,30,Рустави,free
696,29,Ереван,ultra
697,26,Поти,free
698,27,Ванадзор,free
699,26,Ванадзор,ultra
700,20,Ереван,ultra
701,34,Тбилиси,ultra
702,17,Поти,free
703,21,Батуми,ultra
704,32,Тбилиси,ultra
705,20,Рустави,ultra
706,39,Рустави,free
707,18,Батуми,free
708,,Рустави,ultra
709,35,Тбилиси,ultra
710,15,Кутаиси,free
711,26,Ванадзор,free
712,21,Тбилиси,free
713,20,Поти,free
714,22,Рустави,ultra
715,27,Гюмри,ultra
716,28,Поти,ultra
717,29,Кутаиси,free
718,32,Ванадзор,free
719,22,Ереван,ultra
720,28,Ереван,ultra
721,50,Ереван,ultra
722,36,Батуми,free
723,25,Поти,free
724,30,Тбилиси,ultra
725,24,Поти,free
726,15,Поти,free
727,26,Батуми,free
728,12,Тбилиси,free
729,42,Тбилиси,free
730,12,Ванадзор,free
731,12,Поти,ultra
732,19,Кутаиси,ultra
733,16,Ванадзор,free
734,27,Кутаиси,free
735,18,Тбилиси,free
736,24,Ванадзор,ultra
737,36,Тбилиси,ultra
738,27,Ереван,ultra
739,22,Тбилиси,free
740,21,Тбилиси,free
741,33,Кутаиси,ultra
742,26,Батуми,ultra
743,18,Ванадзор,free
744,12,Ереван,free
745,40,Ереван,free
746,27,Ереван,ultra
747,35,Ереван,free
748,33,Ванадзор,ultra
749,40,Поти,ultra
750,49,Ереван,free
751,35,Тбилиси,ultra
752,38,Рустави,free
753,26,Ереван,ultra
754,19,Тбилиси,free
755,31,Гюмри,free
756,30,Поти,free
757,19,Кутаиси,free
758,35,Тбилиси,ultra
759,13,Тбилиси,free
760,24,Рустави,ultra
761,30,Батуми,ultra
762,21,Кутаиси,ultra
763,24,Поти,free
764,34,Поти,ultra
765,39,Гюмри,free
766,18,Батуми,ultra
767,26,Ванадзор,ultra
768,32,Тбилиси,ultra
769,22,Рустави,ultra
770,12,Ереван,ultra
771,37,Кутаиси,ultra
772,20,Гюмри,free
773,32,Поти,ultra
774,38,Батуми,ultra
775,22,Тбилиси,ultra
776,14,Батуми,free
777,40,Гюмри,ultra
778,38,Поти,free
779,14,Ванадзор,free
780,27,Батуми,ultra
781,36,Тбилиси,ultra
782,22,Ванадзор,ultra
783,31,Рустави,free
784,12,Ванадзор,ultra
785,24,Рустави,ultra
786,21,Тбилиси,free
787,,Рустави,ultra
788,25,Поти,ultra
789,28,Тбилиси,free
790,25,Батуми,free
791,25,Тбилиси,ultra
792,37,Поти,free
793,20,Рустави,ultra
794,12,Ереван,free
795,29,Рустави,free
796,27,Кутаиси,ultra
797,30,Тбилиси,free
798,48,Ванадзор,free
799,27,Ванадзор,ultra
800,27,Тбилиси,free
801,31,Ереван,ultra
802,22,Ванадзор,ultra
803,18,Ванадзор,free
804,16,Ереван,ultra
805,25,Тбилиси,ultra
806,27,Ереван,free
807,17,Тбилиси,ultra
808,23,Батуми,ultra
809,27,Ереван,free
810,30,Ереван,ultra
811,28,Ереван,free
812,13,Рустави,ultra
813,38,Батуми,ultra
814,27,Тбилиси,free
815,39,Рустави,free
816,23,Батуми,free
817,20,Гюмри,ultra
818,29,Батуми,free
819,33,Кутаиси,free
820,22,Батуми,ultra
821,16,Тбилиси,free
822,20,Гюмри,ultra
823,27,Батуми,free
824,39,Батуми,free
825,20,Ереван,free
826,19,Ванадзор,free
827,41,Гюмри,free
828,12,Гюмри,free
829,34,Рустави,free
830,,Рустави,free
831,13,Тбилиси,free
832,28,Ванадзор,free
833,27,Ванадзор,free
834,,Ереван,free
835,38,Тбилиси,free
836,33,Тбилиси,free
837,27,Ереван,free
838,28,Ванадзор,ultra
839,29,Ереван,ultra
840,28,Гюмри,free
841,27,Тбилиси,free
842,,Ванадзор,free
843,45,Ереван,free
844,29,Тбилиси,free
845,21,Тбилиси,free
846,32,Тбилиси,free
847,18,Тбилиси,ultra
848,32,Гюмри,ultra
849,17,Поти,free
850,31,Поти,free
851,24,Тбилиси,free
852,16,Кутаиси,free
853,34,Рустави,ultra
854,25,Гюмри,free
855,24,Поти,ultra
856,24,Батуми,free
857,38,Гюмри,free
858,30,Ванадзор,ultra
859,43,Ереван,free
860,31,Ереван,free
861,16,Тбилиси,ultra
862,23,Гюмри,free
863,16,Ереван,free
864,39,Поти,free
865,22,Рустави,ultra
866,28,Ванадзор,free
867,28,Ванадзор,ultra
868,15,Ереван,ultra
869,24,Ванадзор,free
870,27,Поти,ultra
871,12,Поти,ultra
872,37,Тбилиси,free
873,26,Рустави,free
874,19,Гюмри,free
875,31,Батуми,ultra
876,32,Батуми,ultra
877,34,Ванадзор,free
878,35,Ереван,free
879,48,Кутаиси,ultra
880,37,Ванадзор,free
881,29,Ванадзор,free
882,33,Тбилиси,ultra
883,25,Ереван,free
884,20,Поти,free
885,30,Кутаиси,free
886,32,Рустави,free
887,31,Гюмри,ultra
888,37,Тбилиси,ultra
889,33,Тбилиси,free
890,,Батуми,free
891,36,Ереван,free
892,27,Гюмри,free
893,36,Тбилиси,free
894,41,Ванадзор,free
895,21,Тбилиси,free
896,30,Тбилиси,free
897,28,Ереван,ultra
898,33,Тбилиси,ultra
899,31,Ванадзор,free
900,29,Тбилиси,free
901,28,Ереван,free
902,27,Ереван,ultra
903,24,Ереван,ultra
904,40,Тбилиси,ultra
905,28,Кутаиси,free
906,16,Кутаиси,ultra
907,29,Тбилиси,free
908,32,Поти,free
909,12,Батуми,free
910,19,Ереван,ultra
911,37,Гюмри,ultra
912,22,Поти,free
913,45,Тбилиси,ultra
914,18,Тбилиси,ultra
915,37,Батуми,ultra
916,32,Ереван,ultra
917,31,Тбилиси,ultra
918,13,Поти,free
919,26,Батуми,ultra
920,17,Ванадзор,ultra
921,19,Тбилиси,free
922,28,Тбилиси,free
923,29,Рустави,free
924,20,Батуми,free
925,24,Поти,ultra
926,29,Поти,free
927,21,Ереван,free
928,24,Тбилиси,ultra
929,42,Ванадзор,free
930,24,Ванадзор,free
931,25,Гюмри,free
932,28,Гюмри,free
933,12,Ванадзор,free
934,48,Поти,free
935,35,Тбилиси,free
936,26,Ереван,free
937,24,Батуми,free
938,22,Рустави,ultra
939,38,Кутаиси,ultra
940,12,Батуми,ultra
941,12,Ванадзор,free
942,34,Ереван,free
943,29,Тбилиси,ultra
944,26,Кутаиси,ultra
945,12,Рустави,ultra
946,31,Ереван,free
947,23,Поти,free
948,28,Кутаиси,free
949,33,Рустави,ultra
950,29,Тбилиси,free
951,30,Тбилиси,free
952,17,Батуми,ultra
953,34,Тбилиси,ultra
954,21,Тбилиси,free
955,,Кутаиси,free
956,34,Ванадзор,ultra
957,34,Тбилиси,ultra
958,12,Поти,free
959,16,Поти,ultra
960,35,Тбилиси,ultra
961,31,Тбилиси,free
962,27,Батуми,free
963,34,Ереван,free
964,26,Поти,free
965,33,Ереван,ultra
966,31,Ванадзор,free
967,34,Поти,free
968,28,Поти,free
969,24,Ванадзор,free
970,12,Поти,ultra
971,17,Рустави,ultra
972,20,Тбилиси,ultra
973,34,Кутаиси,free
974,30,Тбилиси,free
975,31,Тбилиси,free
976,34,Тбилиси,free
977,32,Рустави,free
978,25,Батуми,ultra
979,38,Тбилиси,ultra
980,26,Поти,free
981,12,Рустави,ultra
982,22,Гюмри,ultra
983,27,Поти,free
984,26,Гюмри,ultra
985,12,Поти,free
986,39,Кутаиси,ultra
987,16,Батуми,free
988,23,Батуми,ultra
989,37,Гюмри,free
990,37,Ереван,free
991,24,Поти,free
992,22,Гюмри,ultra
993,33,Тбилиси,ultra
994,24,Гюмри,free
995,28,Ереван,free
996,20,Ереван,ultra
997,39,Ванадзор,free
998,33,Батуми,free
999,41,Ереван,ultra
1000,24,Рустави,free
1001,24,Ванадзор,ultra
1002,37,Тбилиси,free
1003,19,Гюмри,ultra
1004,34,Батуми,ultra
1005,26,Ереван,ultra
1006,34,Кутаиси,free
1007,29,Поти,free
1008,23,Тбилиси,free
1009,28,Батуми,ultra
1010,28,Кутаиси,free
1011,17,Тбилиси,free
1012,15,Тбилиси,free
1013,15,Кутаиси,free
1014,17,Батуми,free
1015,27,Гюмри,ultra
1016,26,Батуми,ultra
1017,24,Тбилиси,free
1018,26,Кутаиси,free
1019,35,Ереван,free
1020,28,Батуми,free
1021,24,Ереван,ultra
1022,17,Тбилиси,ultra
1023,34,Поти,free
1024,26,Гюмри,ultra
1025,52,Ванадзор,ultra
1026,19,Тбилиси,free
1027,,Батуми,ultra
1028,26,Тбилиси,ultra
1029,30,Ереван,free
1030,28,Кутаиси,free
1031,20,Поти,free
1032,24,Ереван,free
1033,28,Тбилиси,free
1034,,Кутаиси,free
1035,16,Тбилиси,ultra
1036,30,Поти,free
1037,13,Кутаиси,free
1038,19,Ереван,free
1039,29,Рустави,free
1040,28,Тбилиси,ultra
1041,23,Ереван,free
1042,24,Ванадзор,free
1043,23,Рустави,ultra
1044,40,Тбилиси,free
1045,18,Ереван,free
1046,15,Гюмри,free
1047,24,Гюмри,ultra
1048,13,Батуми,free
1049,24,Гюмри,ultra
1050,16,Рустави,ultra
1051,16,Тбилиси,ultra
1052,28,Тбилиси,free
1053,29,Ванадзор,free
1054,30,Рустави,free
1055,,Ереван,ultra
1056,25,Поти,free
1057,20,Ереван,free
1058,18,Батуми,free
1059,23,Батуми,free
1060,12,Гюмри,ultra
1061,,Тбилиси,ultra
1062,33,Батуми,free
1063,37,Рустави,ultra
1064,30,Батуми,free
1065,20,Тбилиси,free
1066,38,Батуми,free
1067,25,Кутаиси,ultra
1068,34,Ереван,ultra
1069,29,Поти,free
1070,21,Ванадзор,ultra
1071,14,Кутаиси,ultra
1072,18,Ванадзор,ultra
1073,26,Ереван,ultra
1074,40,Поти,free
1075,34,Тбилиси,ultra
1076,20,Ереван,free
1077,15,Тбилиси,ultra
1078,40,Ереван,ultra
1079,13,Ереван,ultra
1080,31,Батуми,free
1081,,Поти,ultra
1082,30,Гюмри,ultra
1083,25,Батуми,free
1084,38,Гюмри,free
1085,21,Батуми,free
1086,26,Тбилиси,free
1087,21,Ереван,free
1088,,Ванадзор,free
1089,21,Батуми,free
1090,32,Батуми,ultra
1091,35,Тбилиси,ultra
1092,46,Гюмри,free
1093,27,Гюмри,free
1094,33,Поти,ultra
1095,29,Тбилиси,free
1096,27,Ванадзор,ultra
1097,14,Ереван,free
1098,,Тбилиси,free
1099,35,Ереван,ultra
1100,21,Кутаиси,ultra
1101,29,Тбилиси,free
1102,26,Кутаиси,ultra
1103,36,Рустави,free
1104,31,Гюмри,free
1105,16,Батуми,free
1106,33,Тбилиси,free
1107,16,Гюмри,ultra
1108,25,Поти,ultra
1109,23,Батуми,free
1110,16,Батуми,free
1111,33,Поти,ultra
1112,30,Ереван,free
1113,19,Кутаиси,ultra
1114,27,Батуми,free
1115,22,Ереван,free
1116,19,Ереван,free
1117,38,Тбилиси,ultra
1118,21,Ереван,ultra
1119,21,Тбилиси,free
1120,38,Ереван,free
1121,12,Тбилиси,ultra
1122,18,Тбилиси,ultra
1123,23,Батуми,ultra
1124,42,Ереван,ultra
1125,,Поти,ultra
1126,36,Ереван,ultra
1127,35,Тбилиси,ultra
1128,27,Рустави,free
1129,,Ереван,ultra
1130,,Рустави,ultra
1131,26,Тбилиси,ultra
1132,28,Ванадзор,free
1133,44,Ванадзор,free
1134,18,Ванадзор,free
1135,42,Ереван,free
1136,25,Кутаиси,ultra
1137,17,Батуми,ultra
1138,,Тбилиси,free
1139,30,Батуми,free
1140,12,Поти,ultra
1141,25,Кутаиси,ultra
1142,30,Тбилиси,free
1143,,Ереван,ultra
1144,29,Ереван,free
1145,41,Тбилиси,free
1146,27,Ереван,free
1147,34,Ереван,free
1148,31,Ванадзор,free
1149,31,Батуми,free
1150,29,Ереван,free
1151,23,Тбилиси,ultra
1152,29,Гюмри,ultra
1153,29,Ереван,free
1154,22,Поти,free
1155,,Батуми,ultra
1156,34,Ванадзор,free
1157,12,Кутаиси,ultra
1158,20,Тбилиси,ultra
1159,41,Ванадзор,free
1160,13,Ереван,free
1161,,Тбилиси,free
1162,21,Кутаиси,ultra
1163,40,Ереван,ultra
1164,33,Ванадзор,ultra
1165,21,Рустави,ultra
1166,18,Кутаиси,free
1167,27,Тбилиси,ultra
1168,29,Батуми,ultra
1169,,Тбилиси,ultra
1170,33,Гюмри,ultra
1171,20,Поти,free
1172,35,Тбилиси,ultra
1173,31,Тбилиси,free
1174,21,Ереван,free
1175,23,Батуми,free
1176,45,Ванадзор,free
1177,30,Ереван,ultra
1178,16,Батуми,free
1179,25,Тбилиси,free
1180,15,Кутаиси,free
1181,40,Тбилиси,ultra
1182,25,Ереван,free
1183,,Батуми,free
1184,12,Кутаиси,free
1185,20,Гюмри,free
1186,29,Батуми,free
1187,30,Рустави,ultra
1188,,Кутаиси,ultra
1189,17,Ванадзор,ultra
1190,33,Батуми,free
1191,31,Ванадзор,ultra
1192,22,Тбилиси,free
1193,32,Поти,ultra
1194,12,Поти,free
1195,31,Батуми,free
1196,26,Поти,free
1197,32,Батуми,ultra
1198,45,Батуми,free
1199,25,Ванадзор,ultra
1200,28,Тбилиси,ultra
1201,25,Тбилиси,free
1202,12,Тбилиси,free
1203,30,Батуми,free
1204,30,Батуми,ultra
1205,24,Батуми,free
1206,29,Ереван,free
1207,19,Ванадзор,free
1208,33,Тбилиси,free
1209,21,Поти,ultra
1210,26,Кутаиси,ultra
1211,36,Ереван,free
1212,18,Ереван,ultra
1213,22,Ванадзор,free
1214,29,Ереван,free
1215,26,Тбилиси,free
1216,14,Ереван,free
1217,18,Тбилиси,ultra
1218,38,Тбилиси,ultra
1219,22,Тбилиси,free
1220,24,Рустави,free
1221,26,Тбилиси,free
1222,37,Ванадзор,ultra
1223,32,Тбилиси,ultra
1224,44,Тбилиси,ultra
1225,24,Рустави,free
1226,42,Тбилиси,free
1227,25,Батуми,ultra
1228,16,Кутаиси,free
1229,33,Ереван,free
1230,30,Тбилиси,free
1231,36,Тбилиси,free
1232,33,Поти,free
1233,40,Гюмри,free
1234,21,Рустави,free
1235,30,Поти,ultra
1236,34,Поти,ultra
1237,27,Тбилиси,ultra
1238,19,Гюмри,free
1239,32,Ереван,ultra
1240,27,Ереван,free
1241,19,Рустави,free
1242,14,Поти,free
1243,31,Кутаиси,free
1244,14,Батуми,free
1245,38,Тбилиси,ultra
1246,26,Тбилиси,ultra
1247,30,Батуми,ultra
1248,21,Тбилиси,free
1249,22,Кутаиси,ultra
1250,20,Батуми,free
1251,35,Рустави,free
1252,23,Кутаиси,ultra
1253,33,Рустави,free
1254,28,Ереван,free
1255,30,Тбилиси,ultra
1256,33,Батуми,free
1257,26,Батуми,ultra
1258,23,Тбилиси,ultra
1259,32,Ереван,free
1260,22,Тбилиси,ultra
1261,27,Кутаиси,free
1262,12,Поти,ultra
1263,20,Ванадзор,ultra
1264,30,Кутаиси,free
1265,17,Рустави,free
1266,20,Батуми,ultra
1267,31,Тбилиси,ultra
1268,29,Ереван,free
1269,24,Батуми,free
1270,31,Ереван,ultra
1271,14,Тбилиси,ultra
1272,22,Тбилиси,ultra
1273,39,Тбилиси,ultra
1274,33,Батуми,free
1275,25,Тбилиси,ultra
1276,,Ванадзор,ultra
1277,18,Ереван,free
1278,18,Батуми,free
1279,32,Тбилиси,free
1280,14,Кутаиси,free
1281,38,Батуми,free
1282,18,Ереван,ultra
1283,35,Тбилиси,ultra
1284,26,Поти,ultra
1285,35,Поти,free
1286,32,Тбилиси,free
1287,14,Ереван,free
1288,28,Тбилиси,free
1289,23,Гюмри,ultra
1290,20,Поти,ultra
1291,49,Поти,free
1292,30,Поти,ultra
1293,24,Тбилиси,ultra
1294,18,Ереван,ultra
1295,31,Тбилиси,ultra
1296,38,Кутаиси,free
1297,35,Батуми,free
1298,23,Батуми,free
1299,21,Тбилиси,ultra
1300,26,Тбилиси,free
1301,35,Гюмри,free
1302,22,Ванадзор,free
1303,31,Гюмри,free
1304,25,Батуми,ultra
1305,23,Ванадзор,ultra
1306,18,Поти,free
1307,44,Поти,free
1308,20,Ванадзор,ultra
1309,18,Ванадзор,free
1310,,Кутаиси,free
1311,25,Поти,ultra
1312,34,Ереван,free
1313,25,Кутаиси,ultra
1314,22,Батуми,ultra
1315,27,Батуми,ultra
1316,21,Ереван,ultra
1317,38,Поти,free
1318,,Тбилиси,free
1319,35,Тбилиси,free
1320,26,Батуми,ultra
1321,34,Поти,ultra
1322,43,Гюмри,free
1323,20,Ереван,free
1324,26,Тбилиси,free
1325,28,Кутаиси,free
1326,28,Поти,free
1327,38,Ереван,ultra
1328,32,Тбилиси,ultra
1329,23,Ереван,ultra
1330,29,Кутаиси,ultra
1331,19,Батуми,ultra
1332,42,Ереван,ultra
1333,13,Гюмри,ultra
1334,36,Ванадзор,ultra
1335,18,Кутаиси,ultra
1336,33,Ванадзор,free
1337,23,Кутаиси,free
1338,21,Батуми,free
1339,34,Тбилиси,free
1340,32,Рустави,free
1341,36,Гюмри,ultra
1342,31,Кутаиси,ultra
1343,36,Рустави,ultra
1344,22,Поти,free
1345,19,Кутаиси,free
1346,19,Ереван,free
1347,24,Кутаиси,ultra
1348,46,Ереван,free
1349,14,Кутаиси,ultra
1350,32,Кутаиси,free
1351,29,Ереван,free
1352,12,Ереван,free
1353,17,Тбилиси,ultra
1354,25,Ереван,ultra
1355,16,Батуми,ultra
1356,20,Кутаиси,free
1357,32,Кутаиси,free
1358,27,Тбилиси,ultra
1359,12,Ереван,free
1360,15,Ереван,ultra
1361,26,Батуми,free
1362,43,Тбилиси,free
1363,31,Тбилиси,free
1364,33,Гюмри,free
1365,30,Кутаиси,ultra
1366,31,Ереван,ultra
1367,29,Тбилиси,ultra
1368,35,Ереван,free
1369,25,Ванадзор,ultra
1370,,Ванадзор,free
1371,26,Батуми,free
1372,19,Тбилиси,free
1373,23,Ванадзор,free
1374,25,Батуми,free
1375,31,Гюмри,ultra
1376,21,Ереван,free
1377,31,Ванадзор,ultra
1378,38,Поти,ultra
1379,24,Тбилиси,free
1380,38,Батуми,free
1381,39,Ереван,free
1382,32,Тбилиси,free
1383,24,Рустави,free
1384,28,Ереван,ultra
1385,33,Ванадзор,free
1386,40,Ереван,free
1387,21,Поти,free
1388,28,Тбилиси,free
1389,29,Тбилиси,free
1390,25,Поти,free
1391,,Кутаиси,free
1392,17,Батуми,free
1393,,Ванадзор,ultra
1394,12,Рустави,free
1395,30,Батуми,free
1396,29,Тбилиси,free
1397,22,Поти,ultra
1398,12,Тбилиси,ultra
1399,12,Тбилиси,free
1400,29,Батуми,free
1401,16,Рустави,free
1402,22,Тбилиси,ultra
1403,18,Тбилиси,ultra
1404,26,Ереван,ultra
1405,19,Тбилиси,free
1406,29,Кутаиси,free
1407,26,Тбилиси,free
1408,19,Тбилиси,free
1409,15,Ереван,free
1410,27,Поти,free
1411,24,Кутаиси,free
1412,31,Ванадзор,free
1413,31,Тбилиси,ultra
1414,29,Поти,ultra
1415,33,Гюмри,free
1416,26,Батуми,free
1417,32,Рустави,ultra
1418,40,Тбилиси,ultra
1419,38,Батуми,free
1420,21,Ереван,ultra
1421,19,Ереван,free
1422,,Гюмри,free
1423,32,Поти,ultra
1424,25,Ереван,free
1425,29,Кутаиси,free
1426,25,Кутаиси,free
1427,26,Батуми,free
1428,43,Батуми,free
1429,38,Батуми,ultra
1430,12,Ванадзор,ultra
1431,12,Ереван,free
1432,25,Ванадзор,free
1433,34,Ванадзор,free
1434,24,Батуми,ultra
1435,,Тбилиси,free
1436,29,Рустави,ultra
1437,12,Ванадзор,free
1438,22,Рустави,ultra
1439,31,Тбилиси,ultra
1440,35,Ереван,free
1441,15,Кутаиси,free
1442,12,Тбилиси,ultra
1443,27,Тбилиси,ultra
1444,29,Тбилиси,free
1445,25,Тбилиси,free
1446,27,Ванадзор,free
1447,30,Кутаиси,ultra
1448,21,Тбилиси,free
1449,33,Ванадзор,free
1450,30,Ереван,free
1451,30,Тбилиси,ultra
1452,34,Рустави,free
1453,30,Кутаиси,ultra
1454,27,Тбилиси,ultra
1455,26,Тбилиси,free
1456,39,Рустави,free
1457,19,Тбилиси,free
1458,33,Тбилиси,ultra
1459,17,Гюмри,ultra
1460,27,Поти,ultra
1461,24,Поти,ultra
1462,20,Гюмри,free
1463,,Поти,free
1464,15,Рустави,free
1465,22,Батуми,free
1466,29,Ванадзор,free
1467,23,Батуми,ultra
1468,18,Кутаиси,ultra
1469,24,Ереван,free
1470,23,Тбилиси,free
1471,31,Тбилиси,ultra
1472,22,Рустави,free
1473,35,Тбилиси,free
1474,40,Тбилиси,free
1475,21,Рустави,free
1476,48,Ереван,ultra
1477,12,Тбилиси,ultra
1478,31,Ереван,ultra
1479,,Рустави,free
1480,29,Ванадзор,free
1481,36,Поти,free
1482,32,Тбилиси,free
1483,36,Поти,free
1484,34,Батуми,free
1485,38,Тбилиси,free
1486,12,Тбилиси,free
1487,41,Поти,free
1488,25,Тбилиси,ultra
1489,29,Рустави,ultra
1490,18,Ереван,ultra
1491,18,Рустави,free
1492,29,Поти,free
1493,41,Поти,free
1494,21,Поти,ultra
1495,31,Кутаиси,ultra
1496,20,Ванадзор,free
1497,28,Батуми,free
1498,25,Поти,free
1499,25,Тбилиси,ultra
1500,27,Ереван,free
